Customer_ID,Recency,Frequency,Monetary,R,F,M,Segment
CUST10001,301,4,37550,1,3,3,At Risk
CUST10002,531,1,102400,1,1,5,Lost
CUST10003,1,3,18750,5,2,2,New Customers
CUST10004,4,5,207605,5,4,5,Champions
CUST10005,45,5,23590,4,4,2,Loyal
CUST10006,469,2,4980,1,1,1,Lost
CUST10007,305,5,28480,1,4,3,At Risk
CUST10008,339,2,9190,1,1,1,Lost
CUST10009,186,2,133950,2,1,5,Lost
CUST10010,382,4,74720,1,3,4,At Risk
CUST10011,76,5,29470,4,4,3,Loyal
CUST10012,728,1,4275,1,1,1,Lost
CUST10013,162,2,96360,3,1,5,Lost
CUST10014,47,4,30860,4,3,3,Loyal
CUST10015,143,4,199980,3,3,5,Loyal
CUST10016,269,3,45000,2,2,3,Lost
CUST10017,235,1,4080,2,1,1,Lost
CUST10018,441,3,90830,1,2,4,Lost
CUST10019,128,5,408350,3,4,5,Loyal
CUST10020,342,1,3300,1,1,1,Lost
CUST10021,117,5,27630,3,4,3,Loyal
CUST10022,24,6,72220,5,5,4,Champions
CUST10023,130,2,66000,3,1,4,Lost
CUST10024,46,1,3000,4,1,1,New Customers
CUST10026,27,4,31750,5,3,3,Loyal
CUST10027,344,2,12040,1,1,2,Lost
CUST10028,79,6,52800,4,5,4,Champions
CUST10029,232,3,9430,2,2,1,Lost
CUST10030,188,6,212545,2,5,5,At Risk
CUST10031,371,4,47415,1,3,4,At Risk
CUST10032,70,4,43120,4,3,3,Loyal
CUST10033,12,4,87350,5,3,4,Loyal
CUST10034,189,4,18650,2,3,2,At Risk
CUST10035,526,2,36435,1,1,3,Lost
CUST10036,35,3,25320,5,2,3,New Customers
CUST10037,47,4,21660,4,3,2,Loyal
CUST10039,35,6,343520,5,5,5,Champions
CUST10040,89,4,26945,4,3,3,Loyal
CUST10041,12,3,6275,5,2,1,New Customers
CUST10042,325,1,5320,1,1,1,Lost
CUST10043,47,5,118820,4,4,5,Champions
CUST10044,23,5,171390,5,4,5,Champions
CUST10045,87,1,3570,4,1,1,New Customers
CUST10046,78,2,5370,4,1,1,New Customers
CUST10047,123,4,34740,3,3,3,Loyal
CUST10048,302,6,152125,1,5,5,At Risk
CUST10049,185,6,23795,2,5,2,At Risk
CUST10050,251,4,49005,2,3,4,At Risk
CUST10051,194,5,105840,2,4,5,At Risk
CUST10052,146,5,28230,3,4,3,Loyal
CUST10053,126,3,12420,3,2,2,Lost
CUST10054,608,1,11250,1,1,1,Lost
CUST10055,284,3,17200,2,2,2,Lost
CUST10056,72,3,29770,4,2,3,New Customers
CUST10057,31,7,95300,5,5,5,Champions
CUST10058,66,7,206500,4,5,5,Champions
CUST10059,131,4,18540,3,3,2,Loyal
CUST10060,52,4,64800,4,3,4,Loyal
CUST10061,230,5,19650,2,4,2,At Risk
CUST10062,12,6,42560,5,5,3,Loyal
CUST10063,141,4,30360,3,3,3,Loyal
CUST10064,425,2,40500,1,1,3,Lost
CUST10065,146,2,7920,3,1,1,Lost
CUST10066,383,1,1080,1,1,1,Lost
CUST10067,147,5,18050,3,4,2,Loyal
CUST10069,30,5,90420,5,4,4,Champions
CUST10070,399,1,7200,1,1,1,Lost
CUST10071,28,4,32470,5,3,3,Loyal
CUST10072,106,2,52910,3,1,4,Lost
CUST10073,277,2,31400,2,1,3,Lost
CUST10074,44,5,56605,4,4,4,Champions
CUST10075,195,3,46690,2,2,4,Lost
CUST10076,79,4,21890,4,3,2,Loyal
CUST10077,159,2,73980,3,1,4,Lost
CUST10078,334,2,7900,1,1,1,Lost
CUST10079,176,2,49200,2,1,4,Lost
CUST10080,403,8,27095,1,5,3,At Risk
CUST10081,113,3,15260,3,2,2,Lost
CUST10082,75,1,1500,4,1,1,New Customers
CUST10083,12,6,99690,5,5,5,Champions
CUST10084,123,7,114530,3,5,5,Loyal
CUST10085,341,4,81040,1,3,4,At Risk
CUST10086,130,4,85260,3,3,4,Loyal
CUST10087,89,3,67560,4,2,4,New Customers
CUST10088,110,5,121320,3,4,5,Loyal
CUST10089,38,3,126310,5,2,5,New Customers
CUST10090,48,4,50615,4,3,4,Loyal
CUST10091,61,4,75605,4,3,4,Loyal
CUST10092,141,1,16800,3,1,2,Lost
CUST10093,57,7,92530,4,5,4,Champions
CUST10095,186,4,160140,2,3,5,At Risk
CUST10096,101,3,26790,4,2,3,New Customers
CUST10097,67,2,73260,4,1,4,New Customers
CUST10098,54,1,148200,4,1,5,New Customers
CUST10099,3,2,8560,5,1,1,New Customers
CUST10100,182,2,64110,2,1,4,Lost
CUST10101,149,5,82710,3,4,4,Loyal
CUST10102,72,3,11700,4,2,1,New Customers
CUST10103,30,5,33300,5,4,3,Loyal
CUST10104,105,4,81840,3,3,4,Loyal
CUST10105,162,1,21600,3,1,2,Lost
CUST10106,100,8,107835,4,5,5,Champions
CUST10107,66,2,5630,4,1,1,New Customers
CUST10108,207,2,14940,2,1,2,Lost
CUST10109,435,3,11535,1,2,1,Lost
CUST10110,71,7,242120,4,5,5,Champions
CUST10111,150,1,5320,3,1,1,Lost
CUST10112,84,4,24850,4,3,3,Loyal
CUST10113,500,2,7560,1,1,1,Lost
CUST10114,12,4,66495,5,3,4,Loyal
CUST10115,245,5,174600,2,4,5,At Risk
CUST10116,238,1,1350,2,1,1,Lost
CUST10117,230,2,64810,2,1,4,Lost
CUST10118,249,4,16930,2,3,2,At Risk
CUST10119,50,3,11520,4,2,1,New Customers
CUST10120,65,6,175410,4,5,5,Champions
CUST10121,440,2,17910,1,1,2,Lost
CUST10122,81,5,17560,4,4,2,Loyal
CUST10123,14,4,108820,5,3,5,Loyal
CUST10124,24,2,10395,5,1,1,New Customers
CUST10125,4,3,22440,5,2,2,New Customers
CUST10126,388,3,39940,1,2,3,Lost
CUST10127,56,3,66855,4,2,4,New Customers
CUST10128,103,4,47500,3,3,4,Loyal
CUST10129,320,6,64700,1,5,4,At Risk
CUST10130,16,3,23040,5,2,2,New Customers
CUST10131,18,6,40870,5,5,3,Loyal
CUST10132,138,6,18475,3,5,2,Loyal
CUST10133,196,6,94290,2,5,4,At Risk
CUST10134,351,2,65100,1,1,4,Lost
CUST10135,62,1,18720,4,1,2,New Customers
CUST10136,106,3,63010,3,2,4,Lost
CUST10137,71,5,29930,4,4,3,Loyal
CUST10138,243,4,26940,2,3,3,At Risk
CUST10139,64,4,44820,4,3,3,Loyal
CUST10140,281,1,2280,2,1,1,Lost
CUST10141,150,5,50620,3,4,4,Loyal
CUST10142,220,4,11190,2,3,1,At Risk
CUST10143,289,3,9160,2,2,1,Lost
CUST10144,62,3,24465,4,2,3,New Customers
CUST10145,2,9,361860,5,5,5,Champions
CUST10146,655,1,6840,1,1,1,Lost
CUST10147,332,1,1200,1,1,1,Lost
CUST10148,170,4,11780,3,3,1,Loyal
CUST10149,123,7,61970,3,5,4,Loyal
CUST10150,465,1,6500,1,1,1,Lost
CUST10151,72,5,24190,4,4,2,Loyal
CUST10152,205,3,13300,2,2,2,Lost
CUST10153,466,1,2400,1,1,1,Lost
CUST10154,72,2,10870,4,1,1,New Customers
CUST10155,407,3,15860,1,2,2,Lost
CUST10156,480,2,10880,1,1,1,Lost
CUST10157,47,3,21960,4,2,2,New Customers
CUST10158,123,3,17100,3,2,2,Lost
CUST10159,146,4,239980,3,3,5,Loyal
CUST10160,245,5,40850,2,4,3,At Risk
CUST10161,59,5,116105,4,4,5,Champions
CUST10162,174,8,577275,3,5,5,Loyal
CUST10163,200,1,21250,2,1,2,Lost
CUST10164,75,3,11320,4,2,1,New Customers
CUST10165,15,4,47910,5,3,4,Loyal
CUST10166,181,5,226760,2,4,5,At Risk
CUST10167,29,4,33460,5,3,3,Loyal
CUST10168,104,4,107420,3,3,5,Loyal
CUST10169,297,6,32380,2,5,3,At Risk
CUST10170,182,4,63925,2,3,4,At Risk
CUST10171,50,4,163820,4,3,5,Loyal
CUST10172,40,2,85560,5,1,4,New Customers
CUST10173,164,3,19540,3,2,2,Lost
CUST10174,268,4,223980,2,3,5,At Risk
CUST10175,14,2,5675,5,1,1,New Customers
CUST10176,39,3,18190,5,2,2,New Customers
CUST10177,177,5,201260,2,4,5,At Risk
CUST10178,63,4,168000,4,3,5,Loyal
CUST10179,62,3,19940,4,2,2,New Customers
CUST10180,172,5,78530,3,4,4,Loyal
CUST10181,397,2,14530,1,1,2,Lost
CUST10182,69,3,57840,4,2,4,New Customers
CUST10183,198,4,13320,2,3,2,At Risk
CUST10184,40,5,84950,5,4,4,Champions
CUST10185,49,4,75800,4,3,4,Loyal
CUST10186,85,2,13140,4,1,2,New Customers
CUST10187,383,3,21270,1,2,2,Lost
CUST10188,256,2,27520,2,1,3,Lost
CUST10189,50,8,325170,4,5,5,Champions
CUST10190,139,3,8215,3,2,1,Lost
CUST10191,35,5,37480,5,4,3,Loyal
CUST10192,20,5,183700,5,4,5,Champions
CUST10193,157,5,329595,3,4,5,Loyal
CUST10194,122,2,376675,3,1,5,Lost
CUST10195,6,2,17340,5,1,2,New Customers
CUST10196,446,3,16370,1,2,2,Lost
CUST10197,176,3,16800,2,2,2,Lost
CUST10198,13,4,165485,5,3,5,Loyal
CUST10199,95,2,21800,4,1,2,New Customers
CUST10200,21,3,8565,5,2,1,New Customers
CUST10201,371,1,2700,1,1,1,Lost
CUST10202,60,4,220770,4,3,5,Loyal
CUST10203,116,6,301030,3,5,5,Loyal
CUST10205,127,2,8415,3,1,1,Lost
CUST10206,381,4,20160,1,3,2,At Risk
CUST10207,205,2,5110,2,1,1,Lost
CUST10208,90,4,163050,4,3,5,Loyal
CUST10209,23,8,134095,5,5,5,Champions
CUST10210,167,3,11160,3,2,1,Lost
CUST10211,227,7,634055,2,5,5,At Risk
CUST10212,205,3,10265,2,2,1,Lost
CUST10213,28,8,103940,5,5,5,Champions
CUST10214,111,3,6865,3,2,1,Lost
CUST10216,156,6,278215,3,5,5,Loyal
CUST10217,156,10,319880,3,5,5,Loyal
CUST10218,9,4,101335,5,3,5,Loyal
CUST10219,110,8,59645,3,5,4,Loyal
CUST10220,14,6,51685,5,5,4,Champions
CUST10221,571,2,2410,1,1,1,Lost
CUST10222,352,3,79920,1,2,4,Lost
CUST10223,118,4,12180,3,3,2,Loyal
CUST10224,297,7,48370,2,5,4,At Risk
CUST10225,502,1,7600,1,1,1,Lost
CUST10226,143,8,322475,3,5,5,Loyal
CUST10227,666,1,2700,1,1,1,Lost
CUST10228,382,1,810,1,1,1,Lost
CUST10229,400,2,17440,1,1,2,Lost
CUST10230,242,3,38790,2,2,3,Lost
CUST10231,562,2,11210,1,1,1,Lost
CUST10232,18,2,275840,5,1,5,New Customers
CUST10233,34,5,167100,5,4,5,Champions
CUST10234,145,5,52240,3,4,4,Loyal
CUST10235,18,4,82770,5,3,4,Loyal
CUST10236,30,4,154740,5,3,5,Loyal
CUST10237,621,3,118000,1,2,5,Lost
CUST10238,619,3,8720,1,2,1,Lost
CUST10239,520,1,5525,1,1,1,Lost
CUST10240,476,1,6560,1,1,1,Lost
CUST10241,163,3,191210,3,2,5,Lost
CUST10242,14,4,30880,5,3,3,Loyal
CUST10243,13,6,36540,5,5,3,Loyal
CUST10244,196,4,13800,2,3,2,At Risk
CUST10245,596,4,167120,1,3,5,At Risk
CUST10246,192,2,7200,2,1,1,Lost
CUST10247,54,6,34515,4,5,3,Loyal
CUST10248,19,4,11660,5,3,1,Loyal
CUST10249,125,4,16615,3,3,2,Loyal
CUST10250,191,2,32560,2,1,3,Lost
CUST10251,210,3,90000,2,2,4,Lost
CUST10252,56,4,33520,4,3,3,Loyal
CUST10253,191,4,49500,2,3,4,At Risk
CUST10254,354,2,12725,1,1,2,Lost
CUST10255,67,7,105400,4,5,5,Champions
CUST10256,219,4,35910,2,3,3,At Risk
CUST10257,219,5,31155,2,4,3,At Risk
CUST10258,132,5,13350,3,4,2,Loyal
CUST10259,695,1,6600,1,1,1,Lost
CUST10260,300,2,116800,2,1,5,Lost
CUST10261,101,2,211860,4,1,5,New Customers
CUST10262,36,7,325600,5,5,5,Champions
CUST10263,112,4,20450,3,3,2,Loyal
CUST10264,708,2,62100,1,1,4,Lost
CUST10265,283,2,16200,2,1,2,Lost
CUST10266,98,4,29385,4,3,3,Loyal
CUST10267,512,1,1140,1,1,1,Lost
CUST10268,169,8,42000,3,5,3,Loyal
CUST10269,115,3,89580,3,2,4,Lost
CUST10270,209,5,170945,2,4,5,At Risk
CUST10271,495,1,11050,1,1,1,Lost
CUST10272,92,2,18855,4,1,2,New Customers
CUST10273,178,5,13140,2,4,2,At Risk
CUST10274,168,2,26200,3,1,3,Lost
CUST10275,27,4,7500,5,3,1,Loyal
CUST10276,15,5,82360,5,4,4,Champions
CUST10277,415,4,27985,1,3,3,At Risk
CUST10278,74,5,35725,4,4,3,Loyal
CUST10279,4,2,28050,5,1,3,New Customers
CUST10280,269,2,26240,2,1,3,Lost
CUST10281,48,6,36300,4,5,3,Loyal
CUST10282,86,7,169575,4,5,5,Champions
CUST10283,45,4,139440,4,3,5,Loyal
CUST10284,199,3,38400,2,2,3,Lost
CUST10285,117,3,35950,3,2,3,Lost
CUST10286,132,5,27160,3,4,3,Loyal
CUST10287,30,6,29205,5,5,3,Loyal
CUST10288,45,5,25040,4,4,3,Loyal
CUST10289,31,7,172660,5,5,5,Champions
CUST10290,62,3,269660,4,2,5,New Customers
CUST10291,194,4,13980,2,3,2,At Risk
CUST10292,240,4,9140,2,3,1,At Risk
CUST10293,323,1,28800,1,1,3,Lost
CUST10294,209,3,123010,2,2,5,Lost
CUST10295,80,1,4590,4,1,1,New Customers
CUST10296,318,1,1500,1,1,1,Lost
CUST10297,313,3,17360,1,2,2,Lost
CUST10298,87,4,84855,4,3,4,Loyal
CUST10299,55,5,25870,4,4,3,Loyal
CUST10300,109,7,151020,3,5,5,Loyal
CUST10301,79,5,51360,4,4,4,Champions
CUST10302,123,5,60325,3,4,4,Loyal
CUST10303,173,1,28800,3,1,3,Lost
CUST10306,4,5,78980,5,4,4,Champions
CUST10307,301,2,30280,1,1,3,Lost
CUST10308,218,1,3230,2,1,1,Lost
CUST10309,104,1,28500,3,1,3,Lost
CUST10311,534,2,39210,1,1,3,Lost
CUST10312,112,2,40715,3,1,3,Lost
CUST10313,281,1,4275,2,1,1,Lost
CUST10314,166,2,25650,3,1,3,Lost
CUST10315,9,4,74650,5,3,4,Loyal
CUST10316,34,4,78420,5,3,4,Loyal
CUST10317,513,1,26600,1,1,3,Lost
CUST10318,254,2,13375,2,1,2,Lost
CUST10319,489,2,27970,1,1,3,Lost
CUST10320,11,4,19310,5,4,2,Loyal
CUST10321,29,5,82020,5,4,4,Champions
CUST10322,47,7,66720,4,5,4,Champions
CUST10323,89,6,36660,4,5,3,Loyal
CUST10324,42,5,43830,5,4,3,Loyal
CUST10325,260,2,35625,2,1,3,Lost
CUST10326,230,5,44630,2,4,3,At Risk
CUST10327,575,1,1710,1,1,1,Lost
CUST10328,254,2,5790,2,1,1,Lost
CUST10329,277,1,26600,2,1,3,Lost
CUST10330,149,3,265025,3,2,5,Lost
CUST10331,288,3,12210,2,2,2,Lost
CUST10332,185,6,55640,2,5,4,At Risk
CUST10333,114,3,24075,3,2,2,Lost
CUST10334,311,4,90110,1,4,4,At Risk
CUST10335,102,7,70310,3,5,4,Loyal
CUST10336,66,4,15430,4,4,2,Loyal
CUST10337,73,4,29645,4,4,3,Loyal
CUST10338,286,3,11940,2,2,1,Lost
CUST10339,37,5,33150,5,4,3,Loyal
CUST10340,12,2,3990,5,1,1,New Customers
CUST10341,370,3,93200,1,2,4,Lost
CUST10342,33,5,38100,5,4,3,Loyal
CUST10343,151,6,101000,3,5,5,Loyal
CUST10344,233,3,109800,2,2,5,Lost
CUST10345,481,2,10120,1,1,1,Lost
CUST10346,730,1,25600,1,1,3,Lost
CUST10347,6,2,73800,5,1,4,New Customers
CUST10348,189,4,17290,2,4,2,At Risk
CUST10349,232,6,88520,2,5,4,At Risk
CUST10350,109,3,11400,3,2,1,Lost
CUST10351,82,4,168690,4,4,5,Champions
CUST10352,20,5,52035,5,4,4,Champions
CUST10353,23,7,64680,5,5,4,Champions
CUST10354,11,3,27880,5,2,3,New Customers
CUST10355,6,2,18800,5,1,2,New Customers
CUST10356,288,4,22950,2,4,2,At Risk
CUST10357,91,1,96000,4,1,5,New Customers
CUST10358,447,6,226120,1,5,5,At Risk
CUST10359,119,2,62645,3,1,4,Lost
CUST10360,383,2,4455,1,1,1,Lost
CUST10361,38,2,18880,5,1,2,New Customers
CUST10362,107,2,55700,3,1,4,Lost
CUST10363,232,4,24365,2,4,3,At Risk
CUST10364,342,1,3240,1,1,1,Lost
CUST10365,258,5,69525,2,4,4,At Risk
CUST10366,726,1,6460,1,1,1,Lost
CUST10367,132,3,13820,3,2,2,Lost
CUST10368,158,2,14440,3,1,2,Lost
CUST10369,106,3,31920,3,2,3,Lost
CUST10370,57,5,230710,4,4,5,Champions
CUST10371,51,4,39525,4,4,3,Loyal
CUST10372,113,5,41650,3,4,3,Loyal
CUST10373,468,1,2400,1,1,1,Lost
CUST10374,342,4,71035,1,4,4,At Risk
CUST10375,76,2,166000,4,2,5,New Customers
CUST10376,248,2,31460,2,2,3,Lost
CUST10377,335,3,26965,1,2,3,Lost
CUST10378,180,4,26190,2,4,3,At Risk
CUST10379,2,5,30960,5,4,3,Loyal
CUST10380,188,5,116655,2,4,5,At Risk
CUST10381,6,4,15975,5,4,2,Loyal
CUST10382,385,4,74020,1,4,4,At Risk
CUST10383,25,2,6040,5,2,1,New Customers
CUST10384,77,5,37200,4,4,3,Loyal
CUST10385,4,8,51120,5,5,4,Champions
CUST10386,9,3,40640,5,2,3,New Customers
CUST10387,31,3,5430,5,2,1,New Customers
CUST10388,253,3,64600,2,2,4,Lost
CUST10389,637,1,1425,1,1,1,Lost
CUST10390,3,4,105200,5,4,5,Champions
CUST10392,64,3,10410,4,2,1,New Customers
CUST10393,292,4,34220,2,4,3,At Risk
CUST10394,172,3,61375,3,2,4,Lost
CUST10395,28,6,37690,5,5,3,Loyal
CUST10396,388,3,26345,1,2,3,Lost
CUST10397,318,2,8500,1,2,1,Lost
CUST10398,51,6,432250,4,5,5,Champions
CUST10399,165,6,47500,3,5,4,Loyal
CUST10400,63,2,9120,4,2,1,New Customers
CUST10401,361,2,15480,1,2,2,Lost
CUST10402,47,6,26270,4,5,3,Loyal
CUST10403,162,2,11820,3,2,1,Lost
CUST10404,398,4,37570,1,4,3,At Risk
CUST10405,257,5,38900,2,5,3,At Risk
CUST10406,122,3,50170,3,2,4,Lost
CUST10407,8,2,83320,5,2,4,New Customers
CUST10408,59,3,72220,4,2,4,New Customers
CUST10409,114,2,30240,3,2,3,Lost
CUST10410,326,4,21470,1,4,2,At Risk
CUST10411,12,3,224520,5,2,5,New Customers
CUST10414,92,3,9810,4,2,1,New Customers
CUST10415,51,3,40600,4,2,3,New Customers
CUST10416,279,4,32640,2,4,3,At Risk
CUST10418,156,4,113590,3,4,5,Loyal
CUST10419,115,4,10080,3,4,1,Loyal
CUST10420,62,2,4420,4,2,1,New Customers
CUST10421,274,4,14580,2,4,2,At Risk
CUST10422,254,5,39695,2,5,3,At Risk
CUST10423,112,5,201350,3,5,5,Loyal
CUST10424,350,3,14445,1,2,2,Lost
CUST10425,327,2,32450,1,2,3,Lost
CUST10426,51,2,32410,4,2,3,New Customers
CUST10427,137,2,4510,3,2,1,Lost
CUST10428,257,4,17320,2,4,2,At Risk
CUST10429,40,5,48795,5,5,4,Champions
CUST10430,19,5,31545,5,5,3,Loyal
CUST10431,59,3,159120,4,2,5,New Customers
CUST10432,1,3,12945,5,2,2,New Customers
CUST10433,347,3,17835,1,3,2,At Risk
CUST10435,398,1,3060,1,1,1,Lost
CUST10436,247,3,20835,2,3,2,At Risk
CUST10437,121,4,402705,3,4,5,Loyal
CUST10438,167,3,8840,3,3,1,Loyal
CUST10439,713,1,6150,1,1,1,Lost
CUST10440,58,5,36500,4,5,3,Loyal
CUST10441,92,2,6860,4,2,1,New Customers
CUST10442,25,5,325860,5,5,5,Champions
CUST10443,192,3,89200,2,3,4,At Risk
CUST10444,153,6,75345,3,5,4,Loyal
CUST10445,148,3,9435,3,3,1,Loyal
CUST10446,197,3,15940,2,3,2,At Risk
CUST10447,165,4,67510,3,4,4,Loyal
CUST10448,61,7,56530,4,5,4,Champions
CUST10449,274,7,55070,2,5,4,At Risk
CUST10450,98,4,20150,4,4,2,Loyal
CUST10451,421,1,74100,1,1,4,Lost
CUST10452,159,4,193340,3,4,5,Loyal
CUST10453,55,6,95295,4,5,4,Champions
CUST10454,40,5,69540,5,5,4,Champions
CUST10455,585,2,26910,1,2,3,Lost
CUST10456,359,2,6890,1,2,1,Lost
CUST10457,29,4,244760,5,4,5,Champions
CUST10458,6,4,40140,5,4,3,Loyal
CUST10459,8,9,203145,5,5,5,Champions
CUST10460,317,1,5780,1,1,1,Lost
CUST10461,13,4,89935,5,4,4,Champions
CUST10462,68,5,54105,4,5,4,Champions
CUST10463,22,3,176800,5,3,5,Loyal
CUST10464,191,2,10575,2,2,1,Lost
CUST10465,76,3,24570,4,3,3,Loyal
CUST10466,390,3,18540,1,3,2,At Risk
CUST10467,54,5,50140,4,5,4,Champions
CUST10468,173,4,90800,3,4,4,Loyal
CUST10469,417,2,4160,1,2,1,Lost
CUST10470,528,2,9920,1,2,1,Lost
CUST10471,38,3,7350,5,3,1,Loyal
CUST10472,214,6,151170,2,5,5,At Risk
CUST10473,62,3,31860,4,3,3,Loyal
CUST10474,85,3,56890,4,3,4,Loyal
CUST10475,272,4,9100,2,4,1,At Risk
CUST10476,107,4,28495,3,4,3,Loyal
CUST10477,39,2,9595,5,2,1,New Customers
CUST10478,130,3,21170,3,3,2,Loyal
CUST10479,24,8,262700,5,5,5,Champions
CUST10480,188,3,256600,2,3,5,At Risk
CUST10481,362,4,26160,1,4,3,At Risk
CUST10482,28,1,3600,5,1,1,New Customers
CUST10483,40,4,186245,5,4,5,Champions
CUST10484,16,3,12730,5,3,2,Loyal
CUST10485,149,2,23000,3,2,2,Lost
CUST10486,24,6,84670,5,5,4,Champions
CUST10487,82,3,234360,4,3,5,Loyal
CUST10488,399,3,19290,1,3,2,At Risk
CUST10489,30,4,31660,5,4,3,Loyal
CUST10490,240,3,24675,2,3,3,At Risk
CUST10491,95,1,19500,4,1,2,New Customers
CUST10492,107,4,16915,3,4,2,Loyal
CUST10493,191,3,95640,2,3,5,At Risk
CUST10494,503,2,20015,1,2,2,Lost
CUST10495,26,4,238460,5,4,5,Champions
CUST10496,115,5,63140,3,5,4,Loyal
CUST10497,266,3,27195,2,3,3,At Risk
CUST10498,29,2,7380,5,2,1,New Customers
CUST10499,442,2,19300,1,2,2,Lost
CUST10500,160,8,409710,3,5,5,Loyal
CUST10501,407,3,28500,1,3,3,At Risk
CUST10502,27,3,45730,5,3,4,Loyal
CUST10503,569,3,51070,1,3,4,At Risk
CUST10504,315,4,17280,1,4,2,At Risk
CUST10505,146,6,132610,3,5,5,Loyal
CUST10506,165,3,21775,3,3,2,Loyal
CUST10507,192,3,19380,2,3,2,At Risk
CUST10508,193,2,9500,2,2,1,Lost
CUST10509,168,4,73230,3,4,4,Loyal
CUST10510,181,1,11560,2,1,1,Lost
CUST10511,153,1,2200,3,1,1,Lost
CUST10512,33,4,14620,5,4,2,Loyal
CUST10513,161,4,373830,3,4,5,Loyal
CUST10514,47,4,46295,4,4,4,Champions
CUST10515,156,2,48760,3,2,4,Lost
CUST10516,5,6,76840,5,5,4,Champions
CUST10517,186,4,75335,2,4,4,At Risk
CUST10518,231,6,56320,2,5,4,At Risk
CUST10519,163,6,199770,3,5,5,Loyal
CUST10520,4,2,7530,5,2,1,New Customers
CUST10521,112,4,47270,3,4,4,Loyal
CUST10522,186,4,44555,2,4,3,At Risk
CUST10523,51,7,181560,4,5,5,Champions
CUST10524,112,3,115720,3,3,5,Loyal
CUST10525,48,3,55800,4,3,4,Loyal
CUST10526,37,5,16905,5,5,2,Loyal
CUST10527,152,4,119760,3,4,5,Loyal
CUST10528,277,3,24390,2,3,3,At Risk
CUST10529,22,3,13050,5,3,2,Loyal
CUST10530,203,2,9360,2,2,1,Lost
CUST10531,21,2,30400,5,2,3,New Customers
CUST10532,576,2,84140,1,2,4,Lost
CUST10533,97,5,129120,4,5,5,Champions
CUST10535,631,1,5850,1,1,1,Lost
CUST10536,68,1,5850,4,1,1,New Customers
CUST10537,93,3,72170,4,3,4,Loyal
CUST10538,194,3,6600,2,3,1,At Risk
CUST10539,102,1,2400,3,1,1,Lost
CUST10541,17,3,17205,5,3,2,Loyal
CUST10542,193,3,25275,2,3,3,At Risk
CUST10543,23,5,230280,5,5,5,Champions
CUST10544,51,5,42000,4,5,3,Loyal
CUST10545,8,5,38450,5,5,3,Loyal
CUST10546,104,5,85305,3,5,4,Loyal
CUST10547,339,4,16710,1,4,2,At Risk
CUST10548,194,3,50130,2,3,4,At Risk
CUST10549,193,2,13700,2,2,2,Lost
CUST10550,268,2,23840,2,2,2,Lost
CUST10551,122,1,4500,3,1,1,Lost
CUST10552,53,5,30440,4,5,3,Loyal
CUST10553,580,2,6090,1,2,1,Lost
CUST10554,39,6,166960,5,5,5,Champions
CUST10555,151,3,46670,3,3,4,Loyal
CUST10556,145,4,110080,3,4,5,Loyal
CUST10557,140,4,52620,3,4,4,Loyal
CUST10558,15,6,61185,5,5,4,Champions
CUST10559,38,4,75240,5,4,4,Champions
CUST10560,47,4,67745,4,4,4,Champions
CUST10561,298,3,9750,2,3,1,At Risk
CUST10562,180,1,2090,2,1,1,Lost
CUST10564,278,2,75475,2,2,4,Lost
CUST10565,13,4,34000,5,4,3,Loyal
CUST10566,47,2,34990,4,2,3,New Customers
CUST10567,22,3,21550,5,3,2,Loyal
CUST10568,311,3,42560,1,3,3,At Risk
CUST10569,295,2,17480,2,2,2,Lost
CUST10570,451,1,9120,1,1,1,Lost
CUST10571,56,3,23920,4,3,2,Loyal
CUST10572,222,2,17960,2,2,2,Lost
CUST10573,33,4,37900,5,4,3,Loyal
CUST10574,158,4,18410,3,4,2,Loyal
CUST10575,362,1,54400,1,1,4,Lost
CUST10576,598,2,17840,1,2,2,Lost
CUST10577,45,7,290540,4,5,5,Champions
CUST10578,197,3,204885,2,3,5,At Risk
CUST10579,7,4,38895,5,4,3,Loyal
CUST10580,362,3,35580,1,3,3,At Risk
CUST10581,27,5,75900,5,5,4,Champions
CUST10582,459,3,16180,1,3,2,At Risk
CUST10583,141,3,22740,3,3,2,Loyal
CUST10584,440,2,18265,1,2,2,Lost
CUST10585,1,1,11475,5,1,1,New Customers
CUST10586,44,5,33250,4,5,3,Loyal
CUST10587,100,6,135630,4,5,5,Champions
CUST10588,88,4,326550,4,4,5,Champions
CUST10589,36,6,30805,5,5,3,Loyal
CUST10590,106,4,33525,3,4,3,Loyal
CUST10591,408,1,1350,1,1,1,Lost
CUST10593,201,5,33690,2,5,3,At Risk
CUST10594,42,4,18850,5,4,2,Loyal
CUST10595,437,2,7720,1,2,1,Lost
CUST10597,283,1,1620,2,1,1,Lost
CUST10598,58,1,3420,4,1,1,New Customers
CUST10599,400,5,33985,1,5,3,At Risk
CUST10600,151,2,12960,3,2,2,Lost
CUST10601,18,4,38065,5,4,3,Loyal
CUST10602,23,4,18475,5,4,2,Loyal
CUST10603,109,4,14800,3,4,2,Loyal
CUST10604,61,6,135925,4,5,5,Champions
CUST10605,83,6,119850,4,5,5,Champions
CUST10606,51,4,78010,4,4,4,Champions
CUST10607,127,3,13130,3,3,2,Loyal
CUST10608,38,5,169710,5,5,5,Champions
CUST10609,268,2,16740,2,2,2,Lost
CUST10610,313,2,16110,1,2,2,Lost
CUST10611,98,4,230280,4,4,5,Champions
CUST10612,708,1,4160,1,1,1,Lost
CUST10613,507,2,98280,1,2,5,Lost
CUST10614,20,6,309200,5,5,5,Champions
CUST10615,16,3,158770,5,3,5,Loyal
CUST10616,89,3,39690,4,3,3,Loyal
CUST10617,30,3,7435,5,3,1,Loyal
CUST10618,94,3,38520,4,3,3,Loyal
CUST10619,101,3,75400,4,3,4,Loyal
CUST10620,189,3,20240,2,3,2,At Risk
CUST10621,165,5,74810,3,5,4,Loyal
CUST10622,204,3,17290,2,3,2,At Risk
CUST10624,71,8,96415,4,5,5,Champions
CUST10625,267,5,139175,2,5,5,At Risk
CUST10626,163,2,12420,3,2,2,Lost
CUST10627,92,3,23400,4,3,2,Loyal
CUST10628,70,5,45360,4,5,4,Champions
CUST10629,81,5,58875,4,5,4,Champions
CUST10630,29,4,13365,5,4,2,Loyal
CUST10631,378,3,7980,1,3,1,At Risk
CUST10632,585,2,37760,1,2,3,Lost
CUST10633,198,4,207720,2,4,5,At Risk
CUST10634,46,6,130720,4,5,5,Champions
CUST10635,18,4,146540,5,4,5,Champions
CUST10636,147,4,78540,3,4,4,Loyal
CUST10637,136,3,61600,3,3,4,Loyal
CUST10638,236,5,25480,2,5,3,At Risk
CUST10639,141,7,45800,3,5,4,Loyal
CUST10640,214,3,48125,2,3,4,At Risk
CUST10641,81,6,83940,4,5,4,Champions
CUST10642,2,4,15510,5,4,2,Loyal
CUST10643,355,3,103800,1,3,5,At Risk
CUST10644,113,6,152390,3,5,5,Loyal
CUST10645,348,5,197025,1,5,5,At Risk
CUST10646,67,8,241600,4,5,5,Champions
CUST10647,265,3,150230,2,3,5,At Risk
CUST10648,116,4,12440,3,4,2,Loyal
CUST10649,50,4,77280,4,4,4,Champions
CUST10650,29,5,20360,5,5,2,Loyal
CUST10651,27,6,45130,5,5,4,Champions
CUST10652,118,3,48210,3,3,4,Loyal
CUST10653,82,4,69440,4,4,4,Champions
CUST10654,253,3,26765,2,3,3,At Risk
CUST10655,179,3,7870,2,3,1,At Risk
CUST10656,100,5,82790,4,5,4,Champions
CUST10657,37,5,42405,5,5,3,Loyal
CUST10658,357,2,8455,1,2,1,Lost
CUST10659,209,4,16000,2,4,2,At Risk
CUST10660,276,2,16900,2,2,2,Lost
CUST10661,119,3,21860,3,3,2,Loyal
CUST10662,260,2,14660,2,2,2,Lost
CUST10663,332,2,3710,1,2,1,Lost
CUST10664,266,4,37405,2,4,3,At Risk
CUST10665,43,3,14940,4,3,2,Loyal
CUST10666,38,4,25750,5,4,3,Loyal
CUST10667,216,2,116180,2,2,5,Lost
CUST10668,284,3,18580,2,3,2,At Risk
CUST10669,103,5,36350,3,5,3,Loyal
CUST10670,28,4,43015,5,4,3,Loyal
CUST10671,59,3,29565,4,3,3,Loyal
CUST10672,51,2,10640,4,2,1,New Customers
CUST10673,47,2,10170,4,2,1,New Customers
CUST10674,500,1,1350,1,1,1,Lost
CUST10675,680,1,15580,1,1,2,Lost
CUST10676,667,1,2800,1,1,1,Lost
CUST10677,198,4,82795,2,4,4,At Risk
CUST10678,78,5,31325,4,5,3,Loyal
CUST10679,163,5,17955,3,5,2,Loyal
CUST10680,68,8,61225,4,5,4,Champions
CUST10681,22,6,130875,5,5,5,Champions
CUST10682,169,2,28305,3,2,3,Lost
CUST10683,44,5,34910,4,5,3,Loyal
CUST10684,258,1,765,2,1,1,Lost
CUST10685,18,3,17590,5,3,2,Loyal
CUST10686,8,5,68625,5,5,4,Champions
CUST10687,33,5,23500,5,5,2,Loyal
CUST10688,414,1,2400,1,1,1,Lost
CUST10689,22,3,36180,5,3,3,Loyal
CUST10690,145,2,15160,3,2,2,Lost
CUST10691,48,2,60400,4,2,4,New Customers
CUST10692,530,1,3360,1,1,1,Lost
CUST10693,222,5,259920,2,5,5,At Risk
CUST10694,444,5,35505,1,5,3,At Risk
CUST10696,249,2,9875,2,2,1,Lost
CUST10697,205,5,46840,2,5,4,At Risk
CUST10698,434,1,64000,1,1,4,Lost
CUST10699,64,2,9540,4,2,1,New Customers
CUST10700,702,1,5040,1,1,1,Lost
CUST10701,159,3,76390,3,3,4,Loyal
CUST10702,97,2,8500,4,2,1,New Customers
CUST10703,61,8,161895,4,5,5,Champions
CUST10704,35,5,29450,5,5,3,Loyal
CUST10705,304,3,13640,1,3,2,At Risk
CUST10706,209,4,31700,2,4,3,At Risk
CUST10707,117,2,3610,3,2,1,Lost
CUST10708,17,5,106625,5,5,5,Champions
CUST10709,301,3,77950,1,3,4,At Risk
CUST10710,62,2,12525,4,2,2,New Customers
CUST10711,133,5,77820,3,5,4,Loyal
CUST10712,35,4,92120,5,4,4,Champions
CUST10713,167,4,267300,3,4,5,Loyal
CUST10715,35,3,22005,5,3,2,Loyal
CUST10716,248,2,9540,2,2,1,Lost
CUST10717,55,7,108595,4,5,5,Champions
CUST10718,120,4,46630,3,4,4,Loyal
CUST10719,396,3,35580,1,3,3,At Risk
CUST10720,93,5,135875,4,5,5,Champions
CUST10721,546,1,900,1,1,1,Lost
CUST10722,241,4,53110,2,4,4,At Risk
CUST10723,107,8,126155,3,5,5,Loyal
CUST10724,161,1,13600,3,1,2,Lost
CUST10725,203,3,140790,2,3,5,At Risk
CUST10726,496,1,8400,1,1,1,Lost
CUST10727,95,4,52495,4,4,4,Champions
CUST10728,186,3,15730,2,3,2,At Risk
CUST10729,561,1,30600,1,1,3,Lost
CUST10730,73,4,13685,4,4,2,Loyal
CUST10731,327,5,183330,1,5,5,At Risk
CUST10732,15,6,147215,5,5,5,Champions
CUST10733,24,1,3610,5,1,1,New Customers
CUST10734,39,4,112100,5,4,5,Champions
CUST10735,324,2,18120,1,2,2,Lost
CUST10736,203,4,244020,2,4,5,At Risk
CUST10737,152,4,53640,3,4,4,Loyal
CUST10738,412,2,92730,1,2,4,Lost
CUST10739,296,6,40860,2,5,3,At Risk
CUST10740,693,1,2200,1,1,1,Lost
CUST10741,241,2,393600,2,2,5,Lost
CUST10742,23,6,58635,5,5,4,Champions
CUST10743,127,4,20180,3,4,2,Loyal
CUST10744,303,2,20990,1,2,2,Lost
CUST10745,57,5,24090,4,5,2,Loyal
CUST10746,79,3,12560,4,3,2,Loyal
CUST10747,166,1,9500,3,1,1,Lost
CUST10748,257,2,10070,2,2,1,Lost
CUST10749,253,3,8410,2,3,1,At Risk
CUST10750,26,6,50510,5,5,4,Champions
CUST10751,497,2,91160,1,2,4,Lost
CUST10752,308,2,11775,1,2,1,Lost
CUST10753,31,1,156000,5,1,5,New Customers
CUST10754,52,4,23340,4,4,2,Loyal
CUST10755,424,4,143100,1,4,5,At Risk
CUST10756,18,4,135075,5,4,5,Champions
CUST10757,32,1,1350,5,1,1,New Customers
CUST10759,6,5,330475,5,5,5,Champions
CUST10760,174,3,243280,3,3,5,Loyal
CUST10761,71,2,99420,4,2,5,New Customers
CUST10762,8,1,11200,5,1,1,New Customers
CUST10763,193,2,13070,2,2,2,Lost
CUST10764,17,4,11040,5,4,1,Loyal
CUST10765,220,3,7855,2,3,1,At Risk
CUST10766,120,4,14515,3,4,2,Loyal
CUST10767,398,3,42450,1,3,3,At Risk
CUST10768,109,2,70350,3,2,4,Lost
CUST10769,521,3,22590,1,3,2,At Risk
CUST10770,97,1,28800,4,1,3,New Customers
CUST10771,234,4,17120,2,4,2,At Risk
CUST10772,233,1,3780,2,1,1,Lost
CUST10773,56,3,156050,4,3,5,Loyal
CUST10774,619,1,5320,1,1,1,Lost
CUST10775,154,3,25220,3,3,3,Loyal
CUST10776,72,5,86635,4,5,4,Champions
CUST10777,9,10,174570,5,5,5,Champions
CUST10778,28,2,313400,5,2,5,New Customers
CUST10779,130,1,1620,3,1,1,Lost
CUST10780,268,2,88400,2,2,4,Lost
CUST10781,67,7,45550,4,5,4,Champions
CUST10782,33,4,94065,5,4,4,Champions
CUST10783,131,2,13630,3,2,2,Lost
CUST10784,250,5,16210,2,5,2,At Risk
CUST10785,281,9,206780,2,5,5,At Risk
CUST10786,696,1,3800,1,1,1,Lost
CUST10787,150,4,230710,3,4,5,Loyal
CUST10788,10,4,158940,5,4,5,Champions
CUST10789,175,6,174295,3,5,5,Loyal
CUST10790,118,6,328900,3,5,5,Loyal
CUST10791,87,8,79675,4,5,4,Champions
CUST10792,320,5,39310,1,5,3,At Risk
CUST10793,7,4,20485,5,4,2,Loyal
CUST10794,178,1,5320,2,1,1,Lost
CUST10795,428,3,33300,1,3,3,At Risk
CUST10796,314,1,3230,1,1,1,Lost
CUST10797,81,5,42165,4,5,3,Loyal
CUST10798,163,7,49920,3,5,4,Loyal
CUST10799,108,2,5420,3,2,1,Lost
CUST10800,287,3,21310,2,3,2,At Risk
CUST10801,491,1,1080,1,1,1,Lost
CUST10802,5,2,204500,5,2,5,New Customers
CUST10803,216,6,28930,2,5,3,At Risk
CUST10804,72,5,36850,4,5,3,Loyal
CUST10805,481,3,21645,1,3,2,At Risk
CUST10806,333,3,24440,1,3,3,At Risk
CUST10807,555,3,13960,1,3,2,At Risk
CUST10808,459,3,16500,1,3,2,At Risk
CUST10810,28,3,12685,5,3,2,Loyal
CUST10811,48,4,17205,4,4,2,Loyal
CUST10813,259,2,14220,2,2,2,Lost
CUST10814,317,2,16460,1,2,2,Lost
CUST10815,167,3,22740,3,3,2,Loyal
CUST10816,152,5,56995,3,5,4,Loyal
CUST10817,126,6,173500,3,5,5,Loyal
CUST10818,269,2,9310,2,2,1,Lost
CUST10819,333,2,16320,1,2,2,Lost
CUST10820,160,4,23150,3,4,2,Loyal
CUST10821,644,1,136000,1,1,5,Lost
CUST10822,108,3,26060,3,3,3,Loyal
CUST10823,184,4,62900,2,4,4,At Risk
CUST10825,212,7,69620,2,5,4,At Risk
CUST10826,44,5,30825,4,5,3,Loyal
CUST10827,249,3,329440,2,3,5,At Risk
CUST10829,163,3,18700,3,3,2,Loyal
CUST10830,120,4,9740,3,4,1,Loyal
CUST10831,419,2,13140,1,2,2,Lost
CUST10832,15,1,1440,5,1,1,New Customers
CUST10833,4,4,105400,5,4,5,Champions
CUST10834,365,3,48380,1,3,4,At Risk
CUST10835,1,2,7360,5,2,1,New Customers
CUST10836,388,2,7990,1,2,1,Lost
CUST10837,3,4,143660,5,4,5,Champions
CUST10838,78,7,96815,4,5,5,Champions
CUST10839,83,10,151570,4,5,5,Champions
CUST10840,107,4,25000,3,4,3,Loyal
CUST10841,18,2,8800,5,2,1,New Customers
CUST10842,174,5,102630,3,5,5,Loyal
CUST10843,153,4,28330,3,4,3,Loyal
CUST10844,119,4,33885,3,4,3,Loyal
CUST10845,78,5,93815,4,5,4,Champions
CUST10846,4,2,20160,5,2,2,New Customers
CUST10847,53,3,31430,4,3,3,Loyal
CUST10848,220,3,17020,2,3,2,At Risk
CUST10849,317,3,24310,1,3,2,At Risk
CUST10850,186,4,25340,2,4,3,At Risk
